Trump_2016/Trump_2016-07-22.txt ," ('want', 'thank'), 12","('Mr', 'trump'), 10","('(', 'applaus'), 8","('donald', 'trump'), 7","('applaus', ')'), 7","('last', 'night'), 7","('pay', 'u'), 6","('new', 'york'), 5","('jeff', 'session'), 5","('go', 'get'), 5","('two', 'thing'), 5","('lot', 'money'), 5","('come', 'hope'), 5","('make', 'america'), 4","('america', 'great'), 4","('unit', 'state'), 4","('want', 'tell'), 4","('said', 'know'), 4","('applaus', 'know'), 4","('one', 'realli'), 4)]"
Trump_2016/Trump_2016-07-25.txt ," ('hillari', 'clinton'), 20","('donald', 'trump'), 18","('(', 'applaus'), 17","('penc', '",,,,,,,,,,,,,,,,
Trump_2016/Trump_2016-07-26.txt ," ('(', 'applaus'), 8","('applaus', ')'), 7","('unit', 'state'), 6","('donald', 'trump'), 4","('thank', 'much'), 4","('V', '.,'), 4","('rig', 'system'), 4","('trump', 'thank'), 3","('veteran', 'affair'), 3","('state', 'america'), 3","('time', 'believ'), 3","('say', 'thank'), 3","('god', 'bless'), 3","('taken', 'care'), 3","('hillari', 'clinton'), 3","('veteran', 'applaus'), 3","('wait', 'line'), 3","('need', 'chang'), 3","('thank', 'applaus'), 2","('applaus', 'thank'), 2)]"
Trump_2016/Trump_2016-07-27-A.txt ," ('question', '",,,,,,,,,,,,,,,,,,,
Trump_2016/Trump_2016-07-27-B.txt ," ('donald', 'trump'), 13","('hillari', 'clinton'), 11","('go', 'make'), 11","('(', 'applaus'), 10","('applaus', ')'), 10","('go', 'put'), 8","('trade', 'deal'), 7","('thank', 'thank'), 6","('Mr', 'trump'), 6","('applaus', 'know'), 6","('back', 'go'), 6","('lot', 'peopl'), 6","('chang', 'maker'), 6","('e', 'mail'), 6","('state', 'america'), 5","('make', 'america'), 5","('america', 'great'), 5","('number', 'one'), 5","('year', 'ago'), 5","('applaus', 'right'), 5)]"
Trump_2016/Trump_2016-08-01.txt ," ('take', 'care'), 21","('hillari', 'clinton'), 14","('donald', 'trump'), 11","('go', 'take'), 11","('unit', 'state'), 10","('number', 'one'), 9","('thank', 'much'), 7","('gonna', 'bring'), 7","('littl', 'bit'), 7","('go', 'build'), 7","('question', '",,,,,,,,,
Trump_2016/Trump_2016-08-02.txt ," ('year', 'ago'), 12","('20', 'peopl'), 9","('go', 'happen'), 9","('hillari', 'clinton'), 8","('look', 'look'), 8","('applaus', 'go'), 8","('trade', 'deal'), 8","('think', 'go'), 7","('60', 'million'), 7","('go', 'make'), 7","('applaus', 'peopl'), 7","('thank', 'much'), 6","('look', 'happen'), 6","('take', 'look'), 6","('new', 'york'), 6","('devalu', 'currenc'), 6","('number', 'one'), 6","('applaus', 'know'), 5","('thousand', 'peopl'), 5","('peopl', 'know'), 5)]"
Trump_2016/Trump_2016-08-04.txt ," ('(', 'applaus'), 20","('applaus', ')'), 19","('donald', 'trump'), 11","('applaus', 'go'), 9","('new', 'hampshir'), 9","('hillari', 'clinton'), 8","('thank', 'thank'), 7","('make', 'america'), 7","('400', 'million'), 7","('right', 'applaus'), 7","('go', 'make'), 7","('go', 'win'), 7","('unit', 'state'), 6","('go', 'pay'), 6","('folk', 'go'), 6","('look', 'happen'), 6","('solv', 'problem'), 6","('second', 'amend'), 6","('later', 'appli'), 6","('appli', 'receiv'), 6)]"
Trump_2016/Trump_2016-08-05.txt ," ('donald', 'trump'), 15","('go', 'win'), 14","('hillari', 'want'), 11","('unit', 'state'), 10","('go', 'get'), 9","('hillari', 'clinton'), 9","('400', 'million'), 8","('go', 'make'), 7","('build', 'wall'), 7","('win', 'go'), 7","('applaus', 'go'), 6","('new', 'hampshir'), 6","('make', 'deal'), 6","('later', 'appli'), 6","('appli', 'receiv'), 6","('receiv', 'U'), 6","('U', 'citizenship'), 6","('go', 'tough'), 6","('got', 'pay'), 6","('crook', 'hillari'), 5)]"
Trump_2016/Trump_2016-08-08.txt ," ('hillari', 'clinton'), 23","('thank', 'thank'), 11","('applaus', 'thank'), 10","('american', 'worker'), 9","('new', 'york'), 9","('thank', 'much'), 7","('trade', 'deal'), 7","('obama', 'clinton'), 7","('presid', 'obama'), 7","('trade', 'deficit'), 7","('unit', 'state'), 6","('job', 'kill'), 6","('000', 'job'), 5","('south', 'korea'), 5","('much', 'thank'), 4","('small', 'busi'), 4","('manufactur', 'job'), 4","('million', 'american'), 4","('labor', 'forc'), 4","('million', 'job'), 4)]"
Trump_2016/Trump_2016-08-10.txt ," ('new', 'york'), 10","('go', 'make'), 10","('build', 'wall'), 10","('lot', 'money'), 9","('take', 'look'), 9","('think', 'go'), 8","('year', 'ago'), 8","('go', 'build'), 8","('west', 'virginia'), 7","('know', 'know'), 7","('get', 'vote'), 7","('donald', 'trump'), 6","('folk', 'go'), 6","('look', 'happen'), 6","('go', 'go'), 6","('tim', 'kain'), 6","('applaus', 'go'), 6","('give', 'one'), 6","('countri', 'go'), 6","('see', 'happen'), 5)]"
Trump_2016/Trump_2016-08-12-A.txt ," ('e', 'mail'), 15","('never', 'trump'), 15","('hillari', 'clinton'), 11","('go', 'make'), 9","('great', 'job'), 9","('lot', 'money'), 9","('lot', 'peopl'), 8","('mani', 'peopl'), 8","('even', 'know'), 8","('donald', 'trump'), 7","('back', 'go'), 7","('(', 'applaus'), 7","('make', 'america'), 7","('four', 'year'), 7","('long', 'time'), 6","('america', 'great'), 6","('go', 'go'), 6","('crowd', 'boo'), 6","('go', 'say'), 6","('see', 'happen'), 6)]"
Trump_2016/Trump_2016-08-12-B.txt ," ('go', 'win'), 16","('hillari', 'clinton'), 14","('year', 'ago'), 11","('unit', 'state'), 10","('go', 'happen'), 10","('new', 'york'), 9","('go', 'bring'), 8","('win', 'pennsylvania'), 8","('short', 'circuit'), 8","('peopl', 'go'), 7","('go', 'build'), 7","('thing', 'go'), 7","('second', 'amend'), 7","('bring', 'back'), 6","('see', 'happen'), 6","('let', 'tell'), 6","('build', 'plant'), 6","('take', 'look'), 6","('gener', 'electr'), 6","('take', 'care'), 6)]"
Trump_2016/Trump_2016-08-15.txt ," ('radic', 'islam'), 13","('hillari', 'clinton'), 12","('unit', 'state'), 11","('presid', 'obama'), 11","('middl', 'east'), 11","('islam', 'terror'), 10","('make', 'america'), 7","('thank', 'thank'), 5","('state', 'america'), 5","('trump', 'thank'), 5","('keep', 'oil'), 5","('donald', 'trump'), 4","('america', 'safe'), 4","('polic', 'offic'), 4","('cold', 'war'), 4","('9', '/'), 4","('/', '11'), 4","('penc', '",,
Trump_2016/Trump_2016-08-16.txt ," ('african', 'american'), 15","('hillari', 'clinton'), 14","('thank', 'thank'), 8","('audienc', '",,,,,,,,,,,,,,,,
Trump_2016/Trump_2016-08-17.txt ," ('hanniti', '",,,,,,,,,,,,,,,,,,,
Trump_2016/Trump_2016-08-18.txt ," ('hillari', 'clinton'), 20","('audienc', '",,,,,,,,,,,,,,,,,,
Trump_2016/Trump_2016-08-19.txt ," ('hillari', 'clinton'), 21","('audienc', '",,,,,,,,,,,,,,,,,,
Trump_2016/Trump_2016-08-22.txt ," ('hillari', 'clinton'), 25","('african', 'american'), 12","('applaus', 'go'), 10","('usa', '!'), 6","('!', 'usa'), 6","('state', 'depart'), 6","('go', 'win'), 5","('audienc', '",,,,,,,,,,,,
Trump_2016/Trump_2016-08-23.txt ," ('audienc', 'boo'), 31","('trump', '!'), 22","('!', 'trump'), 18","('hillari', 'clinton'), 16","('audienc', '",,,,,,,,,,,,,,,
Trump_2016/Trump_2016-08-24-A.txt ," ('hillari', 'clinton'), 23","('african', 'american'), 12","('.<', 'applaus'), 9","('applaus', 'trump'), 9","('clinton', 'want'), 9","('go', 'protect'), 8","('novemb', '8th'), 7","('protect', 'job'), 7","('go', 'happen'), 7","('50', 'percent'), 7","('inner', 'citi'), 7","('bill', 'clinton'), 7","('unit', 'state'), 7","('job', 'job'), 6","('audienc', '",,,,,
Trump_2016/Trump_2016-08-24-B.txt ," ('hillari', 'clinton'), 16","('(', 'applaus'), 14","('applaus', ')'), 12","('african', 'american'), 10","('unit', 'state'), 9","('usa', '!'), 8","('!', 'usa'), 8","('thank', 'much'), 6","('novemb', '8th'), 5","('audienc', '",,,,,,,,,,
Trump_2016/Trump_2016-08-25.txt ," ('hillari', 'clinton'), 21","('african', 'american'), 12","('audienc', 'boo'), 9","('inner', 'citi'), 8","('special', 'interest'), 7","('new', 'hampshir'), 6","('clinton', 'foundat'), 5","('state', 'depart'), 5","('mani', 'peopl'), 5","('american', 'peopl'), 5","('peopl', 'applaus'), 4","('go', 'happen'), 4","('secretari', 'state'), 4","('unit', 'state'), 4","('e', 'mail'), 4","('lie', 'lie'), 4","('decent', 'american'), 4","('never', 'seen'), 4","('american', 'citizen'), 4","('civil', 'right'), 4)]"
Trump_2016/Trump_2016-08-30.txt ," ('hillari', 'clinton'), 16","('african', 'american'), 12","('inner', 'citi'), 11","('crowd', 'chant'), 9","('want', 'thank'), 7","('chant', 'thank'), 6","('applaus', 'go'), 6","('applaus', 'crowd'), 6","('take', 'oh'), 6","('oh', 'tender'), 6","('tender', 'woman'), 6","('applaus', 'thank'), 5","('unit', 'state'), 5","('want', 'see'), 5","('go', 'happen'), 5","('make', 'america'), 5","('donald', 'trump'), 4","('state', 'washington'), 4","('job', 'applaus'), 4","('go', 'win'), 4)]"
Trump_2016/Trump_2016-08-31.txt ," ('illeg', 'immigr'), 25","('hillari', 'clinton'), 19","('unit', 'state'), 14","('unknown', '",,,,,,,,,,,,,,,,
Trump_2016/Trump_2016-09-01-A.txt ," ('hillari', 'clinton'), 10","('applaus', 'go'), 7","('make', 'america'), 6","('build', 'wall'), 5","('go', 'win'), 4","('novemb', '8th'), 4","('four', 'year'), 4","('.<', 'applaus'), 4","('go', 'get'), 4","('go', 'protect'), 4","('way', 'go'), 3","('big', 'leagu'), 3","('applaus', 'want'), 3","('thank', 'everybodi'), 3","('back', 'job'), 3","('america', 'first'), 3","('first', 'applaus'), 3","('applaus', 'gonna'), 3","('manufactur', 'job'), 3","('trade', 'deficit'), 3)]"
Trump_2016/Trump_2016-09-01-B.txt ," ('american', 'legion'), 6","('unit', 'state'), 5","('thank', 'much'), 4","('applaus', 'trump'), 4","('make', 'america'), 4","('men', 'woman'), 3","('.<', 'applaus'), 3","('public', 'trust'), 3","('creat', 'new'), 3","('want', 'thank'), 2","('peopl', 'applaus'), 2","('applaus', 'want'), 2","('one', 'american'), 2","('respect', 'flag'), 2","('way', 'want'), 2","('make', 'sure'), 2","('care', 'world'), 2","('veteran', 'applaus'), 2","('applaus', 'go'), 2","('go', 'happen'), 2)]"
Trump_2016/Trump_2016-09-06-A.txt ," ('flynn', '",,,,,,,,,,,,,,,,,,,
Trump_2016/Trump_2016-09-06-B.txt ," ('hillari', 'clinton'), 20","('north', 'carolina'), 17","('e', 'mail'), 10","('donald', 'trump'), 7","('applaus', 'go'), 7","('african', 'american'), 7","('audienc', '",,,,,,,,,,,,,
Trump_2016/Trump_2016-09-07-A.txt ," ('hillari', 'clinton'), 12","('unit', 'state'), 12","('applaus', 'trump'), 10","('middl', 'east'), 7","('missil', 'defens'), 6","('foreign', 'polici'), 5","('countri', 'applaus'), 5","('radic', 'islam'), 4","('islam', 'terror'), 4","('presid', 'obama'), 4","('rebuild', 'militari'), 4","('applaus', 'one'), 4","('thank', 'much'), 3","('take', 'offic'), 3","('offic', 'ask'), 3","('receiv', 'subpoena'), 3","('barack', 'obama'), 3","('amount', 'money'), 3","('air', 'forc'), 3","('defens', 'capabl'), 3)]"
Trump_2016/Trump_2016-09-07-B.txt ," ('new', 'york'), 23","('think', 'go'), 9","('rubber', 'hose'), 8","('want', 'thank'), 7","('conserv', 'parti'), 6","('go', 'well'), 6","('go', 'bring'), 6","('go', 'play'), 5","('new', 'yorker'), 5","('long', 'time'), 4","('go', 'make'), 4","('make', 'product'), 4","('ice', 'skate'), 4","('mile', 'mile'), 4","('york', 'state'), 3","('thank', 'thank'), 3","('thank', 'everybodi'), 3","('applaus', 'want'), 3","('lot', 'peopl'), 3","('okay', 'go'), 3)]"
Trump_2016/Trump_2016-09-08.txt ," ('school', 'choic'), 16","('hillari', 'clinton'), 14","('new', 'york'), 7","('right', 'begin'), 7","('e', 'mail'), 6","('great', 'job'), 5","('last', 'night'), 5","('war', 'start'), 5","('inner', 'citi'), 5","('privat', 'school'), 5","('york', 'state'), 4","('job', 'back'), 4","('everi', 'child'), 4","('K', '12'), 4","('per', 'student'), 4","('public', 'privat'), 4","('20', 'billion'), 4","('follow', 'student'), 4","('donald', 'trump'), 3","('middl', 'east'), 3)]"
Trump_2016/Trump_2016-09-09-A.txt ," ('hillari', 'clinton'), 14","('school', 'choic'), 10","('african', 'american'), 7","('go', 'get'), 7","('get', 'rid'), 7","('unit', 'state'), 6","('inner', 'citi'), 6","('e', 'mail'), 6","('audio', 'gap'), 4","('gap', 'trump'), 4","('applaus', 'trump'), 4","('year', 'ago'), 4","('bring', 'back'), 4","('get', 'wors'), 4","('1', '7'), 4","('7', 'billion'), 4","('boot', 'ground'), 4","('thank', 'much'), 3","('lot', 'peopl'), 3","('peopl', 'said'), 3)]"
Trump_2016/Trump_2016-09-09-B.txt ," ('new', 'york'), 5","('york', 'state'), 5","('let', 'tell'), 4","('hillari', 'clinton'), 4","('go', 'happen'), 4","('trump', '!'), 4","('!', 'trump'), 4","('never', 'done'), 3","('applaus', 'go'), 3","('long', 'enough'), 3","('audienc', '",,,,,,,,,
Trump_2016/Trump_2016-09-09.txt ," ('hillari', 'clinton'), 14","('school', 'choic'), 10","('african', 'american'), 7","('go', 'get'), 7","('get', 'rid'), 7","('unit', 'state'), 6","('inner', 'citi'), 6","('e', 'mail'), 6","('audio', 'gap'), 4","('gap', 'trump'), 4","('applaus', 'trump'), 4","('year', 'ago'), 4","('bring', 'back'), 4","('get', 'wors'), 4","('1', '7'), 4","('7', 'billion'), 4","('boot', 'ground'), 4","('thank', 'much'), 3","('lot', 'peopl'), 3","('peopl', 'said'), 3)]"
Trump_2016/Trump_2016-09-12-A.txt ," ('unknown', '",,,,,,,,,,,,,,,,,,,
Trump_2016/Trump_2016-09-12-B.txt ," ('hillari', 'clinton'), 17","('nation', 'guard'), 10","('member', 'nation'), 4","('men', 'woman'), 4","('thank', 'much'), 3","('applaus', 'thank'), 3","('make', 'america'), 3","('much', 'applaus'), 2","('unit', 'state'), 2","('9', '/'), 2","('/', '11'), 2","('000', 'member'), 2","('walk', 'life'), 2","('.<', 'applaus'), 2","('applaus', 'trump'), 2","('whether', 'vote'), 2","('run', 'presid'), 2","('incred', 'member'), 2","('law', 'enforc'), 2","('peopl', 'support'), 2)]"
Trump_2016/Trump_2016-09-13-A.txt ," ('build', 'wall'), 9","('audienc', '",,,,,,,,,,,,,,,,,,
Trump_2016/Trump_2016-09-13-B.txt ," ('child', 'care'), 16","('trump', 'trump'), 7","('applaus', 'inaud'), 6","('low', 'incom'), 6","('thank', 'much'), 5","('incom', 'tax'), 5","('audienc', '",,,,,,,,,,,,,
Trump_2016/Trump_2016-09-13.txt ," ('build', 'wall'), 9","('audienc', '",,,,,,,,,,,,,,,,,,
Trump_2016/Trump_2016-09-16.txt ," ('audienc', '",,,,,,,,,,,,,,,,,,,
Trump_2016/Trump_2016-09-17.txt ," ('(', 'applaus'), 10","('illeg', 'immigr'), 9","('thank', 'much'), 8","('illeg', 'alien'), 7","('trump', 'thank'), 6","('hillari', 'clinton'), 6","('unit', 'state'), 6","('thank', 'thank'), 5","('american', 'live'), 5","('sanctuari', 'citi'), 5","('take', 'back'), 5","('love', 'one'), 5","('applaus', ')'), 5","('applaus', ')>'), 5","('Mr', 'trump'), 5","('long', 'time'), 4","('audio', 'break'), 4","('lot', 'peopl'), 4","('come', 'back'), 4","('thank', 'everybodi'), 4)]"
Trump_2016/Trump_2016-09-29.txt ," ('hillari', 'clinton'), 17","('new', 'hampshir'), 8","('applaus', 'go'), 8","('audienc', '",,,,,,,,,,,,,,,,
Trump_2016/Trump_2016-09-30.txt ," ('hillari', 'clinton'), 33","('applaus', 'go'), 12","('audienc', '",,,,,,,,,,,,,,,,,
Trump_2016/Trump_2016-10-03-A.txt ," ('question', '",,,,,,,,,,,,,,,,,,,
Trump_2016/Trump_2016-10-03-B.txt ," ('hillari', 'clinton'), 19","('(', 'applaus'), 16","('audienc', 'boo'), 15","('applaus', ')'), 14","('applaus', 'go'), 13","('audienc', '",,,,,,,,,,,,,,
Trump_2016/Trump_2016-10-05.txt ," ('hillari', 'clinton'), 16","('audienc', 'boo'), 14","('go', 'make'), 10","('novemb', '8th'), 8","('make', 'america'), 8","('applaus', 'go'), 8","('(', 'applaus'), 8","('Mr', 'trump'), 8","('applaus', 'trump'), 7","('unit', 'state'), 7","('african', 'american'), 6","('go', 'end'), 6","('also', 'go'), 6","('one', 'one'), 6","('trade', 'deal'), 5","('presid', 'obama'), 5","('bill', 'clinton'), 5","('america', 'first'), 5","('build', 'wall'), 5","('show', 'crowd'), 5)]"
Trump_2016/Trump_2016-10-06.txt ," ('carr', '",,,,,,,,,,,,,,,,,,,
Trump_2016/Trump_2016-10-10-A.txt ," ('hillari', 'clinton'), 37","('go', 'make'), 14","('applaus', 'go'), 13","('bring', 'back'), 12","('e', 'mail'), 12","('go', 'take'), 9","('open', 'border'), 9","('go', 'bring'), 8","('unit', 'state'), 8","('go', 'fight'), 8","('last', 'night'), 7","('audienc', '",,,,,,,,
Trump_2016/Trump_2016-10-10-B.txt ," ('applaus', 'go'), 21","('hillari', 'clinton'), 16","('audienc', '",,,,,,,,,,,,,,,,,
Trump_2016/Trump_2016-10-11.txt ," ('hillari', 'clinton'), 20","('e', 'mail'), 14","('unit', 'state'), 11","('new', 'york'), 10","('applaus', 'go'), 9","('york', 'time'), 7","('make', 'america'), 7","('000', 'peopl'), 6","('inner', 'citi'), 6","('african', 'american'), 6","('littl', 'bit'), 5","('crook', 'hillari'), 5","('novemb', '8th'), 5","('berni', 'sander'), 5","('four', 'year'), 5","('america', 'first'), 5","('year', 'ago'), 5","('enter', 'space'), 5","('go', 'fix'), 5","('donald', 'trump'), 4)]"
Trump_2016/Trump_2016-10-12.txt ," ('audienc', '",,,,,,,,,,,,,,,,,,,
Trump_2016/Trump_2016-10-13.txt ," ('hillari', 'clinton'), 10","('new', 'york'), 10","('york', 'time'), 10","('american', 'peopl'), 8","('clinton', 'machin'), 7","('donald', 'trump'), 6","('polit', 'establish'), 6","('special', 'interest'), 6","('e', 'mail'), 5","('inner', 'citi'), 5","('trade', 'deal'), 4","('.<', 'applaus'), 4","('applaus', 'trump'), 4","('year', 'ago'), 4","('take', 'look'), 4","('audienc', '",,,,
Trump_2016/Trump_2016-10-14-A.txt ," ('hillari', 'clinton'), 13","('applaus', 'go'), 9","('north', 'carolina'), 8","('e', 'mail'), 8","('novemb', '8th'), 7","('100', 'percent'), 7","('.<', 'applaus'), 6","('applaus', 'trump'), 6","('trump', 'administr'), 6","('go', 'happen'), 6","('unit', 'state'), 6","('trump', '!'), 6","('!', 'trump'), 6","('audienc', '",,,,,,
Trump_2016/Trump_2016-10-14-B.txt ," ('applaus', 'go'), 13","('go', 'bring'), 12","('audienc', '",,,,,,,,,,,,,,,,,
Trump_2016/Trump_2016-10-17.txt ," ('audienc', '",,,,,,,,,,,,,,,,,,,
Trump_2016/Trump_2016-10-18.txt ," ('applaus', 'go'), 10","('hillari', 'clinton'), 9","('novemb', '8th'), 8","('trump', 'administr'), 7","('audienc', '",,,,,,,,,,,,,,,
Trump_2016/Trump_2016-10-21-A.txt ," ('hanniti', '",,,,,,,,,,,,,,,,,,,
Trump_2016/Trump_2016-10-21-B.txt ," ('north', 'carolina'), 10","('hillari', 'clinton'), 8","('lock', 'lock'), 8","('applaus', 'go'), 8","('go', 'start'), 7","('bring', 'back'), 7","('go', 'fight'), 7","('illeg', 'immigr'), 6","('take', 'care'), 6","('trump', 'administr'), 6","('go', 'take'), 6","('make', 'america'), 6","('unit', 'state'), 6","('attack', 'mosul'), 6","('never', 'ever'), 5","('novemb', '8th'), 5","('come', 'back'), 5","('one', 'percent'), 5","('ad', 'ad'), 5","('four', 'month'), 5)]"
Trump_2016/Trump_2016-10-21-C.txt ," ('audienc', '",,,,,,,,,,,,,,,,,,,
Trump_2016/Trump_2016-10-27.txt ," ('applaus', 'go'), 11","('hillari', 'clinton'), 9","('unit', 'state'), 9","('donald', 'trump'), 5","('!>', 'trump'), 5","('make', 'america'), 5","('go', 'fight'), 5","('like', 'never'), 4","('drain', 'swamp'), 4","('bill', 'clinton'), 4","('job', 'job'), 4","('build', 'wall'), 4","('speak', 'badli'), 4","('Mr', 'presid'), 4","('go', 'win'), 3","('white', 'hous'), 3","('make', 'sure'), 3","('get', 'vote'), 3","('audienc', '",
Trump_2016/Trump_2016-10-28.txt ," ('new', 'hampshir'), 29","('hillari', 'clinton'), 12","('peopl', 'come'), 9","('unit', 'state'), 7","('never', 'seen'), 7","('applaus', 'go'), 7","('get', 'rid'), 6","('bill', 'clinton'), 5","('jonathan', 'gruber'), 5","('peopl', 'new'), 5","('applaus', 'trump'), 4","('e', 'mail'), 4","('!>', 'trump'), 4","('think', 'go'), 4","('think', 'think'), 4","('say', 'gonna'), 4","('trump', '!'), 4","('!', 'trump'), 4","('vote', 'year'), 4","('stop', 'drug'), 4)]"
Trump_2016/Trump_2016-10-31.txt ," ('hillari', 'clinton'), 10","('novemb', '8th'), 9","('build', 'wall'), 8","('hillari', 'one'), 8","('unit', 'state'), 8","('four', 'year'), 7","('get', 'vote'), 7","('e', 'mail'), 7","('audienc', '",,,,,,,,,,,
Trump_2016/Trump_2016-11-01-A.txt ," ('make', 'america'), 9","('audienc', '",,,,,,,,,,,,,,,,,,
Trump_2016/Trump_2016-11-01-B.txt ," ('health', 'care'), 11","('applaus', 'thank'), 6","('thank', 'much'), 5","('thank', 'applaus'), 5","('applaus', 'also'), 4","('audienc', '",,,,,,,,,,,,,,
Trump_2016/Trump_2016-11-02-A.txt ," ('e', 'mail'), 11","('hillari', 'clinton'), 10","('audienc', '",,,,,,,,,,,,,,,,,
Trump_2016/Trump_2016-11-02-B.txt ," ('audienc', '",,,,,,,,,,,,,,,,,,,
Trump_2016/Trump_2016-11-02-C.txt ," ('go', 'win'), 6","('audienc', 'boo'), 6","('boo', 'trump'), 6","('e', 'mail'), 6","('four', 'year'), 6","('trump', 'administr'), 6","('usa', '!'), 5","('applaus', 'go'), 5","('hillari', 'clinton'), 5","('650', '000'), 5","('big', 'deal'), 5","('never', 'show'), 5","('!', 'usa'), 4","('hillari', 'want'), 4","('hillari', 'one'), 4","('state', 'depart'), 4","('000', 'e'), 4","('system', 'rig'), 4","('america', 'first'), 4","('unit', 'state'), 4)]"
Trump_2016/Trump_2016-11-03-A.txt ," ('audienc', '",,,,,,,,,,,,,,,,,,,
Trump_2016/Trump_2016-11-03-B.txt ," ('hillari', 'clinton'), 19","('north', 'carolina'), 16","('applaus', 'go'), 12","('unit', 'state'), 10","('novemb', '8th'), 9","('come', 'back'), 9","('build', 'wall'), 7","('audienc', '",,,,,,,,,,,,
Trump_2016/Trump_2016-11-04-A.txt ," ('new', 'hampshir'), 19","('audienc', '",,,,,,,,,,,,,,,,,,
Trump_2016/Trump_2016-11-04-B.txt ," ('cheer', 'applaus'), 87","('crowd', 'react'), 22","('Mr', 'trump'), 19","('hillari', 'clinton'), 12","('(', 'cheer'), 12","('applaus', ')'), 10","('go', 'win'), 6","('applaus', 'know'), 6","('trump', 'administr'), 6","('unit', 'state'), 6","('thousand', 'thousand'), 6","('illeg', 'immigr'), 6","('crowd', 'chant'), 5","('great', 'state'), 5","('last', 'night'), 5","('go', 'happen'), 5","('four', 'year'), 5","('thank', 'much'), 4","('pennsylvania', 'cheer'), 4","('countri', 'cheer'), 4)]"
Trump_2016/Trump_2016-11-04-C.txt ," ('hillari', 'clinton'), 11","('get', 'rid'), 9","('unit', 'state'), 8","('go', 'happen'), 8","('inner', 'citi'), 8","('trump', 'administr'), 7","('come', 'back'), 7","('go', 'great'), 6","('wall', 'go'), 6","('great', 'wall'), 6","('go', 'make'), 6","('illeg', 'immigr'), 6","('debat', 'prep'), 6","('novemb', '8th'), 5","('compani', 'leav'), 5","('000', 'email'), 5","('happen', 'go'), 5","('four', 'year'), 5","('take', 'care'), 5","('come', 'countri'), 5)]"
Trump_2016/Trump_2016-11-05-A.txt ," ('usa', '!'), 14","('!', 'usa'), 14","('audienc', '",,,,,,,,,,,,,,,,,
Trump_2016/Trump_2016-11-05-B.txt ," ('cheer', 'applaus'), 108","('crowd', 'react'), 25","('hillari', 'clinton'), 13","('go', 'win'), 11","('bring', 'back'), 9","('back', 'job'), 8","('applaus', 'go'), 7","('crowd', 'chant'), 7","('texa', 'play'), 7","('make', 'america'), 6","('great', 'state'), 6","('inner', 'citi'), 6","('go', 'get'), 5","('think', 'go'), 5","('new', 'york'), 5","('special', 'interest'), 5","('applaus', 'win'), 5","('unit', 'state'), 5","('trump', 'administr'), 5","('applaus', 'know'), 4)]"
Trump_2016/Trump_2016-11-06.txt ," ('hillari', 'clinton'), 13","('countri', 'go'), 9","('thank', 'much'), 6","('special', 'interest'), 6","('last', 'chanc'), 6","('unit', 'state'), 5","('1', '7'), 5","('come', 'countri'), 5","('defend', 'border'), 5","('go', 'come'), 4","('take', 'care'), 4","('peopl', 'iowa'), 4","(';', 'say'), 4","('american', 'peopl'), 4","('go', 'happen'), 4","('start', 'win'), 4","('social', 'secur'), 4","('illeg', 'immigr'), 4","('go', 'protect'), 4","('make', 'america'), 4)]"
Trump_2016/Trump_2016-11-07-A.txt ," ('hillari', 'clinton'), 11","('audienc', '",,,,,,,,,,,,,,,,,,
Trump_2016/Trump_2016-11-07-B.txt ," ('audienc', '",,,,,,,,,,,,,,,,,,,
Trump_2016/Trump_2016-11-07-C.txt ," ('hillari', 'clinton'), 9","('audienc', '",,,,,,,,,,,,,,,,,,
Trump_2016/Trump_2016-11-07-D.txt ," ('new', 'hampshir'), 22","('hillari', 'clinton'), 9","('applaus', 'go'), 9","('usa', '!'), 9","('thank', 'thank'), 8","('audienc', '",,,,,,,,,,,,,,
Trump_2016/Trump_2016-11-08.txt ," ('hillari', 'clinton'), 8","('audienc', '",,,,,,,,,,,,,,,,,,
Trump_2016/Trump_2016-11-09.txt ," ('thank', 'much'), 6","('thank', 'thank'), 4","('applaus', 'thank'), 4","('countri', 'applaus'), 4","('applaus', 'great'), 4","('want', 'thank'), 4","('peopl', 'applaus'), 3","('gotten', 'know'), 3","('get', 'along'), 3","('look', 'peopl'), 3","('great', 'man'), 3","('great', 'job'), 3","('donald', 'trump'), 2","('new', 'york'), 2","('york', 'citi'), 2","('trump', 'thank'), 2","(';', 'complic'), 2","('much', 'applaus'), 2","('applaus', 'time'), 2","('work', 'togeth'), 2)]"
Trump_2016/Trump_2016-07-22.txt ,"('Mr', 'trump'), 10",,,,,,,,,,,,,,,,,,,
Trump_2016/Trump_2016-07-25.txt ,"('donald', 'trump'), 18",,,,,,,,,,,,,,,,,,,
Trump_2016/Trump_2016-07-26.txt ,"('applaus', ')'), 7",,,,,,,,,,,,,,,,,,,
Trump_2016/Trump_2016-07-27-A.txt ,,,,,,,,,,,,,,,,,,,,
Trump_2016/Trump_2016-07-27-B.txt ,"('hillari', 'clinton'), 11",,,,,,,,,,,,,,,,,,,
Trump_2016/Trump_2016-08-01.txt ,"('hillari', 'clinton'), 14",,,,,,,,,,,,,,,,,,,
Trump_2016/Trump_2016-08-02.txt ,"('20', 'peopl'), 9",,,,,,,,,,,,,,,,,,,
Trump_2016/Trump_2016-08-04.txt ,"('applaus', ')'), 19",,,,,,,,,,,,,,,,,,,
Trump_2016/Trump_2016-08-05.txt ,"('go', 'win'), 14",,,,,,,,,,,,,,,,,,,
Trump_2016/Trump_2016-08-08.txt ,"('thank', 'thank'), 11",,,,,,,,,,,,,,,,,,,
Trump_2016/Trump_2016-08-10.txt ,"('go', 'make'), 10",,,,,,,,,,,,,,,,,,,
Trump_2016/Trump_2016-08-12-A.txt ,"('never', 'trump'), 15",,,,,,,,,,,,,,,,,,,
Trump_2016/Trump_2016-08-12-B.txt ,"('hillari', 'clinton'), 14",,,,,,,,,,,,,,,,,,,
Trump_2016/Trump_2016-08-15.txt ,"('hillari', 'clinton'), 12",,,,,,,,,,,,,,,,,,,
Trump_2016/Trump_2016-08-16.txt ,"('hillari', 'clinton'), 14",,,,,,,,,,,,,,,,,,,
Trump_2016/Trump_2016-08-17.txt ,,,,,,,,,,,,,,,,,,,,
Trump_2016/Trump_2016-08-18.txt ,"('audienc', '",,,,,,,,,,,,,,,,,,,
Trump_2016/Trump_2016-08-19.txt ,"('audienc', '",,,,,,,,,,,,,,,,,,,
Trump_2016/Trump_2016-08-22.txt ,"('african', 'american'), 12",,,,,,,,,,,,,,,,,,,
Trump_2016/Trump_2016-08-23.txt ,"('trump', '!'), 22",,,,,,,,,,,,,,,,,,,
Trump_2016/Trump_2016-08-24-A.txt ,"('african', 'american'), 12",,,,,,,,,,,,,,,,,,,
Trump_2016/Trump_2016-08-24-B.txt ,"('(', 'applaus'), 14",,,,,,,,,,,,,,,,,,,
Trump_2016/Trump_2016-08-25.txt ,"('african', 'american'), 12",,,,,,,,,,,,,,,,,,,
Trump_2016/Trump_2016-08-30.txt ,"('african', 'american'), 12",,,,,,,,,,,,,,,,,,,
Trump_2016/Trump_2016-08-31.txt ,"('hillari', 'clinton'), 19",,,,,,,,,,,,,,,,,,,
Trump_2016/Trump_2016-09-01-A.txt ,"('applaus', 'go'), 7",,,,,,,,,,,,,,,,,,,
Trump_2016/Trump_2016-09-01-B.txt ,"('unit', 'state'), 5",,,,,,,,,,,,,,,,,,,
Trump_2016/Trump_2016-09-06-A.txt ,,,,,,,,,,,,,,,,,,,,
Trump_2016/Trump_2016-09-06-B.txt ,"('north', 'carolina'), 17",,,,,,,,,,,,,,,,,,,
Trump_2016/Trump_2016-09-07-A.txt ,"('unit', 'state'), 12",,,,,,,,,,,,,,,,,,,
Trump_2016/Trump_2016-09-07-B.txt ,"('think', 'go'), 9",,,,,,,,,,,,,,,,,,,
Trump_2016/Trump_2016-09-08.txt ,"('hillari', 'clinton'), 14",,,,,,,,,,,,,,,,,,,
Trump_2016/Trump_2016-09-09-A.txt ,"('school', 'choic'), 10",,,,,,,,,,,,,,,,,,,
Trump_2016/Trump_2016-09-09-B.txt ,"('york', 'state'), 5",,,,,,,,,,,,,,,,,,,
Trump_2016/Trump_2016-09-09.txt ,"('school', 'choic'), 10",,,,,,,,,,,,,,,,,,,
Trump_2016/Trump_2016-09-12-A.txt ,,,,,,,,,,,,,,,,,,,,
Trump_2016/Trump_2016-09-12-B.txt ,"('nation', 'guard'), 10",,,,,,,,,,,,,,,,,,,
Trump_2016/Trump_2016-09-13-A.txt ,"('audienc', '",,,,,,,,,,,,,,,,,,,
Trump_2016/Trump_2016-09-13-B.txt ,"('trump', 'trump'), 7",,,,,,,,,,,,,,,,,,,
Trump_2016/Trump_2016-09-13.txt ,"('audienc', '",,,,,,,,,,,,,,,,,,,
Trump_2016/Trump_2016-09-16.txt ,,,,,,,,,,,,,,,,,,,,
Trump_2016/Trump_2016-09-17.txt ,"('illeg', 'immigr'), 9",,,,,,,,,,,,,,,,,,,
Trump_2016/Trump_2016-09-29.txt ,"('new', 'hampshir'), 8",,,,,,,,,,,,,,,,,,,
Trump_2016/Trump_2016-09-30.txt ,"('applaus', 'go'), 12",,,,,,,,,,,,,,,,,,,
Trump_2016/Trump_2016-10-03-A.txt ,,,,,,,,,,,,,,,,,,,,
Trump_2016/Trump_2016-10-03-B.txt ,"('(', 'applaus'), 16",,,,,,,,,,,,,,,,,,,
Trump_2016/Trump_2016-10-05.txt ,"('audienc', 'boo'), 14",,,,,,,,,,,,,,,,,,,
Trump_2016/Trump_2016-10-06.txt ,,,,,,,,,,,,,,,,,,,,
Trump_2016/Trump_2016-10-10-A.txt ,"('go', 'make'), 14",,,,,,,,,,,,,,,,,,,
Trump_2016/Trump_2016-10-10-B.txt ,"('hillari', 'clinton'), 16",,,,,,,,,,,,,,,,,,,
Trump_2016/Trump_2016-10-11.txt ,"('e', 'mail'), 14",,,,,,,,,,,,,,,,,,,
Trump_2016/Trump_2016-10-12.txt ,,,,,,,,,,,,,,,,,,,,
Trump_2016/Trump_2016-10-13.txt ,"('new', 'york'), 10",,,,,,,,,,,,,,,,,,,
Trump_2016/Trump_2016-10-14-A.txt ,"('applaus', 'go'), 9",,,,,,,,,,,,,,,,,,,
Trump_2016/Trump_2016-10-14-B.txt ,"('go', 'bring'), 12",,,,,,,,,,,,,,,,,,,
Trump_2016/Trump_2016-10-17.txt ,,,,,,,,,,,,,,,,,,,,
Trump_2016/Trump_2016-10-18.txt ,"('hillari', 'clinton'), 9",,,,,,,,,,,,,,,,,,,
Trump_2016/Trump_2016-10-21-A.txt ,,,,,,,,,,,,,,,,,,,,
Trump_2016/Trump_2016-10-21-B.txt ,"('hillari', 'clinton'), 8",,,,,,,,,,,,,,,,,,,
Trump_2016/Trump_2016-10-21-C.txt ,,,,,,,,,,,,,,,,,,,,
Trump_2016/Trump_2016-10-27.txt ,"('hillari', 'clinton'), 9",,,,,,,,,,,,,,,,,,,
Trump_2016/Trump_2016-10-28.txt ,"('hillari', 'clinton'), 12",,,,,,,,,,,,,,,,,,,
Trump_2016/Trump_2016-10-31.txt ,"('novemb', '8th'), 9",,,,,,,,,,,,,,,,,,,
Trump_2016/Trump_2016-11-01-A.txt ,"('audienc', '",,,,,,,,,,,,,,,,,,,
Trump_2016/Trump_2016-11-01-B.txt ,"('applaus', 'thank'), 6",,,,,,,,,,,,,,,,,,,
Trump_2016/Trump_2016-11-02-A.txt ,"('hillari', 'clinton'), 10",,,,,,,,,,,,,,,,,,,
Trump_2016/Trump_2016-11-02-B.txt ,,,,,,,,,,,,,,,,,,,,
Trump_2016/Trump_2016-11-02-C.txt ,"('audienc', 'boo'), 6",,,,,,,,,,,,,,,,,,,
Trump_2016/Trump_2016-11-03-A.txt ,,,,,,,,,,,,,,,,,,,,
Trump_2016/Trump_2016-11-03-B.txt ,"('north', 'carolina'), 16",,,,,,,,,,,,,,,,,,,
Trump_2016/Trump_2016-11-04-A.txt ,"('audienc', '",,,,,,,,,,,,,,,,,,,
Trump_2016/Trump_2016-11-04-B.txt ,"('crowd', 'react'), 22",,,,,,,,,,,,,,,,,,,
Trump_2016/Trump_2016-11-04-C.txt ,"('get', 'rid'), 9",,,,,,,,,,,,,,,,,,,
Trump_2016/Trump_2016-11-05-A.txt ,"('!', 'usa'), 14",,,,,,,,,,,,,,,,,,,
Trump_2016/Trump_2016-11-05-B.txt ,"('crowd', 'react'), 25",,,,,,,,,,,,,,,,,,,
Trump_2016/Trump_2016-11-06.txt ,"('countri', 'go'), 9",,,,,,,,,,,,,,,,,,,
Trump_2016/Trump_2016-11-07-A.txt ,"('audienc', '",,,,,,,,,,,,,,,,,,,
Trump_2016/Trump_2016-11-07-B.txt ,,,,,,,,,,,,,,,,,,,,
Trump_2016/Trump_2016-11-07-C.txt ,"('audienc', '",,,,,,,,,,,,,,,,,,,
Trump_2016/Trump_2016-11-07-D.txt ,"('hillari', 'clinton'), 9",,,,,,,,,,,,,,,,,,,
Trump_2016/Trump_2016-11-08.txt ,"('audienc', '",,,,,,,,,,,,,,,,,,,
Trump_2016/Trump_2016-11-09.txt ,"('thank', 'thank'), 4",,,,,,,,,,,,,,,,,,,
Trump_2016/Trump_2016-07-22.txt ,"('(', 'applaus'), 8",,,,,,,,,,,,,,,,,,,
Trump_2016/Trump_2016-07-25.txt ,"('(', 'applaus'), 17",,,,,,,,,,,,,,,,,,,
Trump_2016/Trump_2016-07-26.txt ,"('unit', 'state'), 6",,,,,,,,,,,,,,,,,,,
Trump_2016/Trump_2016-07-27-A.txt ,,,,,,,,,,,,,,,,,,,,
Trump_2016/Trump_2016-07-27-B.txt ,"('go', 'make'), 11",,,,,,,,,,,,,,,,,,,
Trump_2016/Trump_2016-08-01.txt ,"('donald', 'trump'), 11",,,,,,,,,,,,,,,,,,,
Trump_2016/Trump_2016-08-02.txt ,"('go', 'happen'), 9",,,,,,,,,,,,,,,,,,,
Trump_2016/Trump_2016-08-04.txt ,"('donald', 'trump'), 11",,,,,,,,,,,,,,,,,,,
Trump_2016/Trump_2016-08-05.txt ,"('hillari', 'want'), 11",,,,,,,,,,,,,,,,,,,
Trump_2016/Trump_2016-08-08.txt ,"('applaus', 'thank'), 10",,,,,,,,,,,,,,,,,,,
Trump_2016/Trump_2016-08-10.txt ,"('build', 'wall'), 10",,,,,,,,,,,,,,,,,,,
Trump_2016/Trump_2016-08-12-A.txt ,"('hillari', 'clinton'), 11",,,,,,,,,,,,,,,,,,,
Trump_2016/Trump_2016-08-12-B.txt ,"('year', 'ago'), 11",,,,,,,,,,,,,,,,,,,
Trump_2016/Trump_2016-08-15.txt ,"('unit', 'state'), 11",,,,,,,,,,,,,,,,,,,
Trump_2016/Trump_2016-08-16.txt ,"('thank', 'thank'), 8",,,,,,,,,,,,,,,,,,,
Trump_2016/Trump_2016-08-17.txt ,,,,,,,,,,,,,,,,,,,,
Trump_2016/Trump_2016-08-18.txt ,,,,,,,,,,,,,,,,,,,,
Trump_2016/Trump_2016-08-19.txt ,,,,,,,,,,,,,,,,,,,,
Trump_2016/Trump_2016-08-22.txt ,"('applaus', 'go'), 10",,,,,,,,,,,,,,,,,,,
Trump_2016/Trump_2016-08-23.txt ,"('!', 'trump'), 18",,,,,,,,,,,,,,,,,,,
Trump_2016/Trump_2016-08-24-A.txt ,"('.<', 'applaus'), 9",,,,,,,,,,,,,,,,,,,
Trump_2016/Trump_2016-08-24-B.txt ,"('applaus', ')'), 12",,,,,,,,,,,,,,,,,,,
Trump_2016/Trump_2016-08-25.txt ,"('audienc', 'boo'), 9",,,,,,,,,,,,,,,,,,,
Trump_2016/Trump_2016-08-30.txt ,"('inner', 'citi'), 11",,,,,,,,,,,,,,,,,,,
Trump_2016/Trump_2016-08-31.txt ,"('unit', 'state'), 14",,,,,,,,,,,,,,,,,,,
Trump_2016/Trump_2016-09-01-A.txt ,"('make', 'america'), 6",,,,,,,,,,,,,,,,,,,
Trump_2016/Trump_2016-09-01-B.txt ,"('thank', 'much'), 4",,,,,,,,,,,,,,,,,,,
Trump_2016/Trump_2016-09-06-A.txt ,,,,,,,,,,,,,,,,,,,,
Trump_2016/Trump_2016-09-06-B.txt ,"('e', 'mail'), 10",,,,,,,,,,,,,,,,,,,
Trump_2016/Trump_2016-09-07-A.txt ,"('applaus', 'trump'), 10",,,,,,,,,,,,,,,,,,,
Trump_2016/Trump_2016-09-07-B.txt ,"('rubber', 'hose'), 8",,,,,,,,,,,,,,,,,,,
Trump_2016/Trump_2016-09-08.txt ,"('new', 'york'), 7",,,,,,,,,,,,,,,,,,,
Trump_2016/Trump_2016-09-09-A.txt ,"('african', 'american'), 7",,,,,,,,,,,,,,,,,,,
Trump_2016/Trump_2016-09-09-B.txt ,"('let', 'tell'), 4",,,,,,,,,,,,,,,,,,,
Trump_2016/Trump_2016-09-09.txt ,"('african', 'american'), 7",,,,,,,,,,,,,,,,,,,
Trump_2016/Trump_2016-09-12-A.txt ,,,,,,,,,,,,,,,,,,,,
Trump_2016/Trump_2016-09-12-B.txt ,"('member', 'nation'), 4",,,,,,,,,,,,,,,,,,,
Trump_2016/Trump_2016-09-13-A.txt ,,,,,,,,,,,,,,,,,,,,
Trump_2016/Trump_2016-09-13-B.txt ,"('applaus', 'inaud'), 6",,,,,,,,,,,,,,,,,,,
Trump_2016/Trump_2016-09-13.txt ,,,,,,,,,,,,,,,,,,,,
Trump_2016/Trump_2016-09-16.txt ,,,,,,,,,,,,,,,,,,,,
Trump_2016/Trump_2016-09-17.txt ,"('thank', 'much'), 8",,,,,,,,,,,,,,,,,,,
Trump_2016/Trump_2016-09-29.txt ,"('applaus', 'go'), 8",,,,,,,,,,,,,,,,,,,
Trump_2016/Trump_2016-09-30.txt ,"('audienc', '",,,,,,,,,,,,,,,,,,,
Trump_2016/Trump_2016-10-03-A.txt ,,,,,,,,,,,,,,,,,,,,
Trump_2016/Trump_2016-10-03-B.txt ,"('audienc', 'boo'), 15",,,,,,,,,,,,,,,,,,,
Trump_2016/Trump_2016-10-05.txt ,"('go', 'make'), 10",,,,,,,,,,,,,,,,,,,
Trump_2016/Trump_2016-10-06.txt ,,,,,,,,,,,,,,,,,,,,
Trump_2016/Trump_2016-10-10-A.txt ,"('applaus', 'go'), 13",,,,,,,,,,,,,,,,,,,
Trump_2016/Trump_2016-10-10-B.txt ,"('audienc', '",,,,,,,,,,,,,,,,,,,
Trump_2016/Trump_2016-10-11.txt ,"('unit', 'state'), 11",,,,,,,,,,,,,,,,,,,
Trump_2016/Trump_2016-10-12.txt ,,,,,,,,,,,,,,,,,,,,
Trump_2016/Trump_2016-10-13.txt ,"('york', 'time'), 10",,,,,,,,,,,,,,,,,,,
Trump_2016/Trump_2016-10-14-A.txt ,"('north', 'carolina'), 8",,,,,,,,,,,,,,,,,,,
Trump_2016/Trump_2016-10-14-B.txt ,"('audienc', '",,,,,,,,,,,,,,,,,,,
Trump_2016/Trump_2016-10-17.txt ,,,,,,,,,,,,,,,,,,,,
Trump_2016/Trump_2016-10-18.txt ,"('novemb', '8th'), 8",,,,,,,,,,,,,,,,,,,
Trump_2016/Trump_2016-10-21-A.txt ,,,,,,,,,,,,,,,,,,,,
Trump_2016/Trump_2016-10-21-B.txt ,"('lock', 'lock'), 8",,,,,,,,,,,,,,,,,,,
Trump_2016/Trump_2016-10-21-C.txt ,,,,,,,,,,,,,,,,,,,,
Trump_2016/Trump_2016-10-27.txt ,"('unit', 'state'), 9",,,,,,,,,,,,,,,,,,,
Trump_2016/Trump_2016-10-28.txt ,"('peopl', 'come'), 9",,,,,,,,,,,,,,,,,,,
Trump_2016/Trump_2016-10-31.txt ,"('build', 'wall'), 8",,,,,,,,,,,,,,,,,,,
Trump_2016/Trump_2016-11-01-A.txt ,,,,,,,,,,,,,,,,,,,,
Trump_2016/Trump_2016-11-01-B.txt ,"('thank', 'much'), 5",,,,,,,,,,,,,,,,,,,
Trump_2016/Trump_2016-11-02-A.txt ,"('audienc', '",,,,,,,,,,,,,,,,,,,
Trump_2016/Trump_2016-11-02-B.txt ,,,,,,,,,,,,,,,,,,,,
Trump_2016/Trump_2016-11-02-C.txt ,"('boo', 'trump'), 6",,,,,,,,,,,,,,,,,,,
Trump_2016/Trump_2016-11-03-A.txt ,,,,,,,,,,,,,,,,,,,,
Trump_2016/Trump_2016-11-03-B.txt ,"('applaus', 'go'), 12",,,,,,,,,,,,,,,,,,,
Trump_2016/Trump_2016-11-04-A.txt ,,,,,,,,,,,,,,,,,,,,
Trump_2016/Trump_2016-11-04-B.txt ,"('Mr', 'trump'), 19",,,,,,,,,,,,,,,,,,,
Trump_2016/Trump_2016-11-04-C.txt ,"('unit', 'state'), 8",,,,,,,,,,,,,,,,,,,
Trump_2016/Trump_2016-11-05-A.txt ,"('audienc', '",,,,,,,,,,,,,,,,,,,
Trump_2016/Trump_2016-11-05-B.txt ,"('hillari', 'clinton'), 13",,,,,,,,,,,,,,,,,,,
Trump_2016/Trump_2016-11-06.txt ,"('thank', 'much'), 6",,,,,,,,,,,,,,,,,,,
Trump_2016/Trump_2016-11-07-A.txt ,,,,,,,,,,,,,,,,,,,,
Trump_2016/Trump_2016-11-07-B.txt ,,,,,,,,,,,,,,,,,,,,
Trump_2016/Trump_2016-11-07-C.txt ,,,,,,,,,,,,,,,,,,,,
Trump_2016/Trump_2016-11-07-D.txt ,"('applaus', 'go'), 9",,,,,,,,,,,,,,,,,,,
Trump_2016/Trump_2016-11-08.txt ,,,,,,,,,,,,,,,,,,,,
Trump_2016/Trump_2016-11-09.txt ,"('applaus', 'thank'), 4",,,,,,,,,,,,,,,,,,,
Trump_2016/Trump_2016-07-22.txt ,"('donald', 'trump'), 7",,,,,,,,,,,,,,,,,,,
Trump_2016/Trump_2016-07-25.txt ,"('penc', '",,,,,,,,,,,,,,,,,,,
Trump_2016/Trump_2016-07-26.txt ,"('donald', 'trump'), 4",,,,,,,,,,,,,,,,,,,
Trump_2016/Trump_2016-07-27-A.txt ,,,,,,,,,,,,,,,,,,,,
Trump_2016/Trump_2016-07-27-B.txt ,"('(', 'applaus'), 10",,,,,,,,,,,,,,,,,,,
Trump_2016/Trump_2016-08-01.txt ,"('go', 'take'), 11",,,,,,,,,,,,,,,,,,,
Trump_2016/Trump_2016-08-02.txt ,"('hillari', 'clinton'), 8",,,,,,,,,,,,,,,,,,,
Trump_2016/Trump_2016-08-04.txt ,"('applaus', 'go'), 9",,,,,,,,,,,,,,,,,,,
Trump_2016/Trump_2016-08-05.txt ,"('unit', 'state'), 10",,,,,,,,,,,,,,,,,,,
Trump_2016/Trump_2016-08-08.txt ,"('american', 'worker'), 9",,,,,,,,,,,,,,,,,,,
Trump_2016/Trump_2016-08-10.txt ,"('lot', 'money'), 9",,,,,,,,,,,,,,,,,,,
Trump_2016/Trump_2016-08-12-A.txt ,"('go', 'make'), 9",,,,,,,,,,,,,,,,,,,
Trump_2016/Trump_2016-08-12-B.txt ,"('unit', 'state'), 10",,,,,,,,,,,,,,,,,,,
Trump_2016/Trump_2016-08-15.txt ,"('presid', 'obama'), 11",,,,,,,,,,,,,,,,,,,
Trump_2016/Trump_2016-08-16.txt ,"('audienc', '",,,,,,,,,,,,,,,,,,,
Trump_2016/Trump_2016-08-17.txt ,,,,,,,,,,,,,,,,,,,,
Trump_2016/Trump_2016-08-18.txt ,,,,,,,,,,,,,,,,,,,,
Trump_2016/Trump_2016-08-19.txt ,,,,,,,,,,,,,,,,,,,,
Trump_2016/Trump_2016-08-22.txt ,"('usa', '!'), 6",,,,,,,,,,,,,,,,,,,
Trump_2016/Trump_2016-08-23.txt ,"('hillari', 'clinton'), 16",,,,,,,,,,,,,,,,,,,
Trump_2016/Trump_2016-08-24-A.txt ,"('applaus', 'trump'), 9",,,,,,,,,,,,,,,,,,,
Trump_2016/Trump_2016-08-24-B.txt ,"('african', 'american'), 10",,,,,,,,,,,,,,,,,,,
Trump_2016/Trump_2016-08-25.txt ,"('inner', 'citi'), 8",,,,,,,,,,,,,,,,,,,
Trump_2016/Trump_2016-08-30.txt ,"('crowd', 'chant'), 9",,,,,,,,,,,,,,,,,,,
Trump_2016/Trump_2016-08-31.txt ,"('unknown', '",,,,,,,,,,,,,,,,,,,
Trump_2016/Trump_2016-09-01-A.txt ,"('build', 'wall'), 5",,,,,,,,,,,,,,,,,,,
Trump_2016/Trump_2016-09-01-B.txt ,"('applaus', 'trump'), 4",,,,,,,,,,,,,,,,,,,
Trump_2016/Trump_2016-09-06-A.txt ,,,,,,,,,,,,,,,,,,,,
Trump_2016/Trump_2016-09-06-B.txt ,"('donald', 'trump'), 7",,,,,,,,,,,,,,,,,,,
Trump_2016/Trump_2016-09-07-A.txt ,"('middl', 'east'), 7",,,,,,,,,,,,,,,,,,,
Trump_2016/Trump_2016-09-07-B.txt ,"('want', 'thank'), 7",,,,,,,,,,,,,,,,,,,
Trump_2016/Trump_2016-09-08.txt ,"('right', 'begin'), 7",,,,,,,,,,,,,,,,,,,
Trump_2016/Trump_2016-09-09-A.txt ,"('go', 'get'), 7",,,,,,,,,,,,,,,,,,,
Trump_2016/Trump_2016-09-09-B.txt ,"('hillari', 'clinton'), 4",,,,,,,,,,,,,,,,,,,
Trump_2016/Trump_2016-09-09.txt ,"('go', 'get'), 7",,,,,,,,,,,,,,,,,,,
Trump_2016/Trump_2016-09-12-A.txt ,,,,,,,,,,,,,,,,,,,,
Trump_2016/Trump_2016-09-12-B.txt ,"('men', 'woman'), 4",,,,,,,,,,,,,,,,,,,
Trump_2016/Trump_2016-09-13-A.txt ,,,,,,,,,,,,,,,,,,,,
Trump_2016/Trump_2016-09-13-B.txt ,"('low', 'incom'), 6",,,,,,,,,,,,,,,,,,,
Trump_2016/Trump_2016-09-13.txt ,,,,,,,,,,,,,,,,,,,,
Trump_2016/Trump_2016-09-16.txt ,,,,,,,,,,,,,,,,,,,,
Trump_2016/Trump_2016-09-17.txt ,"('illeg', 'alien'), 7",,,,,,,,,,,,,,,,,,,
Trump_2016/Trump_2016-09-29.txt ,"('audienc', '",,,,,,,,,,,,,,,,,,,
Trump_2016/Trump_2016-09-30.txt ,,,,,,,,,,,,,,,,,,,,
Trump_2016/Trump_2016-10-03-A.txt ,,,,,,,,,,,,,,,,,,,,
Trump_2016/Trump_2016-10-03-B.txt ,"('applaus', ')'), 14",,,,,,,,,,,,,,,,,,,
Trump_2016/Trump_2016-10-05.txt ,"('novemb', '8th'), 8",,,,,,,,,,,,,,,,,,,
Trump_2016/Trump_2016-10-06.txt ,,,,,,,,,,,,,,,,,,,,
Trump_2016/Trump_2016-10-10-A.txt ,"('bring', 'back'), 12",,,,,,,,,,,,,,,,,,,
Trump_2016/Trump_2016-10-10-B.txt ,,,,,,,,,,,,,,,,,,,,
Trump_2016/Trump_2016-10-11.txt ,"('new', 'york'), 10",,,,,,,,,,,,,,,,,,,
Trump_2016/Trump_2016-10-12.txt ,,,,,,,,,,,,,,,,,,,,
Trump_2016/Trump_2016-10-13.txt ,"('american', 'peopl'), 8",,,,,,,,,,,,,,,,,,,
Trump_2016/Trump_2016-10-14-A.txt ,"('e', 'mail'), 8",,,,,,,,,,,,,,,,,,,
Trump_2016/Trump_2016-10-14-B.txt ,,,,,,,,,,,,,,,,,,,,
Trump_2016/Trump_2016-10-17.txt ,,,,,,,,,,,,,,,,,,,,
Trump_2016/Trump_2016-10-18.txt ,"('trump', 'administr'), 7",,,,,,,,,,,,,,,,,,,
Trump_2016/Trump_2016-10-21-A.txt ,,,,,,,,,,,,,,,,,,,,
Trump_2016/Trump_2016-10-21-B.txt ,"('applaus', 'go'), 8",,,,,,,,,,,,,,,,,,,
Trump_2016/Trump_2016-10-21-C.txt ,,,,,,,,,,,,,,,,,,,,
Trump_2016/Trump_2016-10-27.txt ,"('donald', 'trump'), 5",,,,,,,,,,,,,,,,,,,
Trump_2016/Trump_2016-10-28.txt ,"('unit', 'state'), 7",,,,,,,,,,,,,,,,,,,
Trump_2016/Trump_2016-10-31.txt ,"('hillari', 'one'), 8",,,,,,,,,,,,,,,,,,,
Trump_2016/Trump_2016-11-01-A.txt ,,,,,,,,,,,,,,,,,,,,
Trump_2016/Trump_2016-11-01-B.txt ,"('thank', 'applaus'), 5",,,,,,,,,,,,,,,,,,,
Trump_2016/Trump_2016-11-02-A.txt ,,,,,,,,,,,,,,,,,,,,
Trump_2016/Trump_2016-11-02-B.txt ,,,,,,,,,,,,,,,,,,,,
Trump_2016/Trump_2016-11-02-C.txt ,"('e', 'mail'), 6",,,,,,,,,,,,,,,,,,,
Trump_2016/Trump_2016-11-03-A.txt ,,,,,,,,,,,,,,,,,,,,
Trump_2016/Trump_2016-11-03-B.txt ,"('unit', 'state'), 10",,,,,,,,,,,,,,,,,,,
Trump_2016/Trump_2016-11-04-A.txt ,,,,,,,,,,,,,,,,,,,,
Trump_2016/Trump_2016-11-04-B.txt ,"('hillari', 'clinton'), 12",,,,,,,,,,,,,,,,,,,
Trump_2016/Trump_2016-11-04-C.txt ,"('go', 'happen'), 8",,,,,,,,,,,,,,,,,,,
Trump_2016/Trump_2016-11-05-A.txt ,,,,,,,,,,,,,,,,,,,,
Trump_2016/Trump_2016-11-05-B.txt ,"('go', 'win'), 11",,,,,,,,,,,,,,,,,,,
Trump_2016/Trump_2016-11-06.txt ,"('special', 'interest'), 6",,,,,,,,,,,,,,,,,,,
Trump_2016/Trump_2016-11-07-A.txt ,,,,,,,,,,,,,,,,,,,,
Trump_2016/Trump_2016-11-07-B.txt ,,,,,,,,,,,,,,,,,,,,
Trump_2016/Trump_2016-11-07-C.txt ,,,,,,,,,,,,,,,,,,,,
Trump_2016/Trump_2016-11-07-D.txt ,"('usa', '!'), 9",,,,,,,,,,,,,,,,,,,
Trump_2016/Trump_2016-11-08.txt ,,,,,,,,,,,,,,,,,,,,
Trump_2016/Trump_2016-11-09.txt ,"('countri', 'applaus'), 4",,,,,,,,,,,,,,,,,,,
Trump_2016/Trump_2016-07-22.txt ,"('applaus', ')'), 7",,,,,,,,,,,,,,,,,,,
Trump_2016/Trump_2016-07-25.txt ,,,,,,,,,,,,,,,,,,,,
Trump_2016/Trump_2016-07-26.txt ,"('thank', 'much'), 4",,,,,,,,,,,,,,,,,,,
Trump_2016/Trump_2016-07-27-A.txt ,,,,,,,,,,,,,,,,,,,,
Trump_2016/Trump_2016-07-27-B.txt ,"('applaus', ')'), 10",,,,,,,,,,,,,,,,,,,
Trump_2016/Trump_2016-08-01.txt ,"('unit', 'state'), 10",,,,,,,,,,,,,,,,,,,
Trump_2016/Trump_2016-08-02.txt ,"('look', 'look'), 8",,,,,,,,,,,,,,,,,,,
Trump_2016/Trump_2016-08-04.txt ,"('new', 'hampshir'), 9",,,,,,,,,,,,,,,,,,,
Trump_2016/Trump_2016-08-05.txt ,"('go', 'get'), 9",,,,,,,,,,,,,,,,,,,
Trump_2016/Trump_2016-08-08.txt ,"('new', 'york'), 9",,,,,,,,,,,,,,,,,,,
Trump_2016/Trump_2016-08-10.txt ,"('take', 'look'), 9",,,,,,,,,,,,,,,,,,,
Trump_2016/Trump_2016-08-12-A.txt ,"('great', 'job'), 9",,,,,,,,,,,,,,,,,,,
Trump_2016/Trump_2016-08-12-B.txt ,"('go', 'happen'), 10",,,,,,,,,,,,,,,,,,,
Trump_2016/Trump_2016-08-15.txt ,"('middl', 'east'), 11",,,,,,,,,,,,,,,,,,,
Trump_2016/Trump_2016-08-16.txt ,,,,,,,,,,,,,,,,,,,,
Trump_2016/Trump_2016-08-17.txt ,,,,,,,,,,,,,,,,,,,,
Trump_2016/Trump_2016-08-18.txt ,,,,,,,,,,,,,,,,,,,,
Trump_2016/Trump_2016-08-19.txt ,,,,,,,,,,,,,,,,,,,,
Trump_2016/Trump_2016-08-22.txt ,"('!', 'usa'), 6",,,,,,,,,,,,,,,,,,,
Trump_2016/Trump_2016-08-23.txt ,"('audienc', '",,,,,,,,,,,,,,,,,,,
Trump_2016/Trump_2016-08-24-A.txt ,"('clinton', 'want'), 9",,,,,,,,,,,,,,,,,,,
Trump_2016/Trump_2016-08-24-B.txt ,"('unit', 'state'), 9",,,,,,,,,,,,,,,,,,,
Trump_2016/Trump_2016-08-25.txt ,"('special', 'interest'), 7",,,,,,,,,,,,,,,,,,,
Trump_2016/Trump_2016-08-30.txt ,"('want', 'thank'), 7",,,,,,,,,,,,,,,,,,,
Trump_2016/Trump_2016-08-31.txt ,,,,,,,,,,,,,,,,,,,,
Trump_2016/Trump_2016-09-01-A.txt ,"('go', 'win'), 4",,,,,,,,,,,,,,,,,,,
Trump_2016/Trump_2016-09-01-B.txt ,"('make', 'america'), 4",,,,,,,,,,,,,,,,,,,
Trump_2016/Trump_2016-09-06-A.txt ,,,,,,,,,,,,,,,,,,,,
Trump_2016/Trump_2016-09-06-B.txt ,"('applaus', 'go'), 7",,,,,,,,,,,,,,,,,,,
Trump_2016/Trump_2016-09-07-A.txt ,"('missil', 'defens'), 6",,,,,,,,,,,,,,,,,,,
Trump_2016/Trump_2016-09-07-B.txt ,"('conserv', 'parti'), 6",,,,,,,,,,,,,,,,,,,
Trump_2016/Trump_2016-09-08.txt ,"('e', 'mail'), 6",,,,,,,,,,,,,,,,,,,
Trump_2016/Trump_2016-09-09-A.txt ,"('get', 'rid'), 7",,,,,,,,,,,,,,,,,,,
Trump_2016/Trump_2016-09-09-B.txt ,"('go', 'happen'), 4",,,,,,,,,,,,,,,,,,,
Trump_2016/Trump_2016-09-09.txt ,"('get', 'rid'), 7",,,,,,,,,,,,,,,,,,,
Trump_2016/Trump_2016-09-12-A.txt ,,,,,,,,,,,,,,,,,,,,
Trump_2016/Trump_2016-09-12-B.txt ,"('thank', 'much'), 3",,,,,,,,,,,,,,,,,,,
Trump_2016/Trump_2016-09-13-A.txt ,,,,,,,,,,,,,,,,,,,,
Trump_2016/Trump_2016-09-13-B.txt ,"('thank', 'much'), 5",,,,,,,,,,,,,,,,,,,
Trump_2016/Trump_2016-09-13.txt ,,,,,,,,,,,,,,,,,,,,
Trump_2016/Trump_2016-09-16.txt ,,,,,,,,,,,,,,,,,,,,
Trump_2016/Trump_2016-09-17.txt ,"('trump', 'thank'), 6",,,,,,,,,,,,,,,,,,,
Trump_2016/Trump_2016-09-29.txt ,,,,,,,,,,,,,,,,,,,,
Trump_2016/Trump_2016-09-30.txt ,,,,,,,,,,,,,,,,,,,,
Trump_2016/Trump_2016-10-03-A.txt ,,,,,,,,,,,,,,,,,,,,
Trump_2016/Trump_2016-10-03-B.txt ,"('applaus', 'go'), 13",,,,,,,,,,,,,,,,,,,
Trump_2016/Trump_2016-10-05.txt ,"('make', 'america'), 8",,,,,,,,,,,,,,,,,,,
Trump_2016/Trump_2016-10-06.txt ,,,,,,,,,,,,,,,,,,,,
Trump_2016/Trump_2016-10-10-A.txt ,"('e', 'mail'), 12",,,,,,,,,,,,,,,,,,,
Trump_2016/Trump_2016-10-10-B.txt ,,,,,,,,,,,,,,,,,,,,
Trump_2016/Trump_2016-10-11.txt ,"('applaus', 'go'), 9",,,,,,,,,,,,,,,,,,,
Trump_2016/Trump_2016-10-12.txt ,,,,,,,,,,,,,,,,,,,,
Trump_2016/Trump_2016-10-13.txt ,"('clinton', 'machin'), 7",,,,,,,,,,,,,,,,,,,
Trump_2016/Trump_2016-10-14-A.txt ,"('novemb', '8th'), 7",,,,,,,,,,,,,,,,,,,
Trump_2016/Trump_2016-10-14-B.txt ,,,,,,,,,,,,,,,,,,,,
Trump_2016/Trump_2016-10-17.txt ,,,,,,,,,,,,,,,,,,,,
Trump_2016/Trump_2016-10-18.txt ,"('audienc', '",,,,,,,,,,,,,,,,,,,
Trump_2016/Trump_2016-10-21-A.txt ,,,,,,,,,,,,,,,,,,,,
Trump_2016/Trump_2016-10-21-B.txt ,"('go', 'start'), 7",,,,,,,,,,,,,,,,,,,
Trump_2016/Trump_2016-10-21-C.txt ,,,,,,,,,,,,,,,,,,,,
Trump_2016/Trump_2016-10-27.txt ,"('!>', 'trump'), 5",,,,,,,,,,,,,,,,,,,
Trump_2016/Trump_2016-10-28.txt ,"('never', 'seen'), 7",,,,,,,,,,,,,,,,,,,
Trump_2016/Trump_2016-10-31.txt ,"('unit', 'state'), 8",,,,,,,,,,,,,,,,,,,
Trump_2016/Trump_2016-11-01-A.txt ,,,,,,,,,,,,,,,,,,,,
Trump_2016/Trump_2016-11-01-B.txt ,"('applaus', 'also'), 4",,,,,,,,,,,,,,,,,,,
Trump_2016/Trump_2016-11-02-A.txt ,,,,,,,,,,,,,,,,,,,,
Trump_2016/Trump_2016-11-02-B.txt ,,,,,,,,,,,,,,,,,,,,
Trump_2016/Trump_2016-11-02-C.txt ,"('four', 'year'), 6",,,,,,,,,,,,,,,,,,,
Trump_2016/Trump_2016-11-03-A.txt ,,,,,,,,,,,,,,,,,,,,
Trump_2016/Trump_2016-11-03-B.txt ,"('novemb', '8th'), 9",,,,,,,,,,,,,,,,,,,
Trump_2016/Trump_2016-11-04-A.txt ,,,,,,,,,,,,,,,,,,,,
Trump_2016/Trump_2016-11-04-B.txt ,"('(', 'cheer'), 12",,,,,,,,,,,,,,,,,,,
Trump_2016/Trump_2016-11-04-C.txt ,"('inner', 'citi'), 8",,,,,,,,,,,,,,,,,,,
Trump_2016/Trump_2016-11-05-A.txt ,,,,,,,,,,,,,,,,,,,,
Trump_2016/Trump_2016-11-05-B.txt ,"('bring', 'back'), 9",,,,,,,,,,,,,,,,,,,
Trump_2016/Trump_2016-11-06.txt ,"('last', 'chanc'), 6",,,,,,,,,,,,,,,,,,,
Trump_2016/Trump_2016-11-07-A.txt ,,,,,,,,,,,,,,,,,,,,
Trump_2016/Trump_2016-11-07-B.txt ,,,,,,,,,,,,,,,,,,,,
Trump_2016/Trump_2016-11-07-C.txt ,,,,,,,,,,,,,,,,,,,,
Trump_2016/Trump_2016-11-07-D.txt ,"('thank', 'thank'), 8",,,,,,,,,,,,,,,,,,,
Trump_2016/Trump_2016-11-08.txt ,,,,,,,,,,,,,,,,,,,,
Trump_2016/Trump_2016-11-09.txt ,"('applaus', 'great'), 4",,,,,,,,,,,,,,,,,,,